{
	"resources":[
		{
			"name": ".library"
		},
		{
			"name": ".theming"
		},
		{
			"name": "ActionListItem-dbg.js",
			"isDebug":true
		},
		{
			"name": "ActionListItem.control"
		},
		{
			"name": "ActionListItem.js"
		},
		{
			"name": "ActionListItemRenderer-dbg.js",
			"isDebug":true
		},
		{
			"name": "ActionListItemRenderer.js"
		},
		{
			"name": "ActionSelect-dbg.js",
			"isDebug":true
		},
		{
			"name": "ActionSelect.control"
		},
		{
			"name": "ActionSelect.js"
		},
		{
			"name": "ActionSelectRenderer-dbg.js",
			"isDebug":true
		},
		{
			"name": "ActionSelectRenderer.js"
		},
		{
			"name": "ActionSheet-dbg.js",
			"isDebug":true
		},
		{
			"name": "ActionSheet.control"
		},
		{
			"name": "ActionSheet.js"
		},
		{
			"name": "ActionSheetRenderer-dbg.js",
			"isDebug":true
		},
		{
			"name": "ActionSheetRenderer.js"
		},
		{
			"name": "App-dbg.js",
			"isDebug":true
		},
		{
			"name": "App.control"
		},
		{
			"name": "App.js"
		},
		{
			"name": "AppRenderer-dbg.js",
			"isDebug":true
		},
		{
			"name": "AppRenderer.js"
		},
		{
			"name": "BackgroundDesign.type"
		},
		{
			"name": "Bar-dbg.js",
			"isDebug":true
		},
		{
			"name": "Bar.control"
		},
		{
			"name": "Bar.js"
		},
		{
			"name": "BarDesign.type"
		},
		{
			"name": "BarInPageEnabler-dbg.js",
			"isDebug":true
		},
		{
			"name": "BarInPageEnabler.js"
		},
		{
			"name": "BarRenderer-dbg.js",
			"isDebug":true
		},
		{
			"name": "BarRenderer.js"
		},
		{
			"name": "BusyDialog-dbg.js",
			"isDebug":true
		},
		{
			"name": "BusyDialog.control"
		},
		{
			"name": "BusyDialog.js"
		},
		{
			"name": "BusyIndicator-dbg.js",
			"isDebug":true
		},
		{
			"name": "BusyIndicator.control"
		},
		{
			"name": "BusyIndicator.js"
		},
		{
			"name": "BusyIndicatorRenderer-dbg.js",
			"isDebug":true
		},
		{
			"name": "BusyIndicatorRenderer.js"
		},
		{
			"name": "Button-dbg.js",
			"isDebug":true
		},
		{
			"name": "Button.control"
		},
		{
			"name": "Button.designtime-dbg.js",
			"isDebug":true
		},
		{
			"name": "Button.designtime.js"
		},
		{
			"name": "Button.js"
		},
		{
			"name": "ButtonRenderer-dbg.js",
			"isDebug":true
		},
		{
			"name": "ButtonRenderer.js"
		},
		{
			"name": "ButtonType.type"
		},
		{
			"name": "Carousel-dbg.js",
			"isDebug":true
		},
		{
			"name": "Carousel.control"
		},
		{
			"name": "Carousel.js"
		},
		{
			"name": "CarouselRenderer-dbg.js",
			"isDebug":true
		},
		{
			"name": "CarouselRenderer.js"
		},
		{
			"name": "CheckBox-dbg.js",
			"isDebug":true
		},
		{
			"name": "CheckBox.control"
		},
		{
			"name": "CheckBox.js"
		},
		{
			"name": "CheckBoxRenderer-dbg.js",
			"isDebug":true
		},
		{
			"name": "CheckBoxRenderer.js"
		},
		{
			"name": "Column-dbg.js",
			"isDebug":true
		},
		{
			"name": "Column.control"
		},
		{
			"name": "Column.js"
		},
		{
			"name": "ColumnListItem-dbg.js",
			"isDebug":true
		},
		{
			"name": "ColumnListItem.control"
		},
		{
			"name": "ColumnListItem.js"
		},
		{
			"name": "ColumnListItemRenderer-dbg.js",
			"isDebug":true
		},
		{
			"name": "ColumnListItemRenderer.js"
		},
		{
			"name": "ComboBox-dbg.js",
			"isDebug":true
		},
		{
			"name": "ComboBox.control"
		},
		{
			"name": "ComboBox.js"
		},
		{
			"name": "ComboBoxBase-dbg.js",
			"isDebug":true
		},
		{
			"name": "ComboBoxBase.control"
		},
		{
			"name": "ComboBoxBase.js"
		},
		{
			"name": "ComboBoxBaseRenderer-dbg.js",
			"isDebug":true
		},
		{
			"name": "ComboBoxBaseRenderer.js"
		},
		{
			"name": "ComboBoxRenderer-dbg.js",
			"isDebug":true
		},
		{
			"name": "ComboBoxRenderer.js"
		},
		{
			"name": "CustomListItem-dbg.js",
			"isDebug":true
		},
		{
			"name": "CustomListItem.control"
		},
		{
			"name": "CustomListItem.js"
		},
		{
			"name": "CustomListItemRenderer-dbg.js",
			"isDebug":true
		},
		{
			"name": "CustomListItemRenderer.js"
		},
		{
			"name": "CustomTile-dbg.js",
			"isDebug":true
		},
		{
			"name": "CustomTile.control"
		},
		{
			"name": "CustomTile.js"
		},
		{
			"name": "CustomTileRenderer-dbg.js",
			"isDebug":true
		},
		{
			"name": "CustomTileRenderer.js"
		},
		{
			"name": "DatePicker-dbg.js",
			"isDebug":true
		},
		{
			"name": "DatePicker.control"
		},
		{
			"name": "DatePicker.js"
		},
		{
			"name": "DatePickerRenderer-dbg.js",
			"isDebug":true
		},
		{
			"name": "DatePickerRenderer.js"
		},
		{
			"name": "DateRangeSelection-dbg.js",
			"isDebug":true
		},
		{
			"name": "DateRangeSelection.control"
		},
		{
			"name": "DateRangeSelection.js"
		},
		{
			"name": "DateRangeSelectionRenderer-dbg.js",
			"isDebug":true
		},
		{
			"name": "DateRangeSelectionRenderer.js"
		},
		{
			"name": "DateTimeInput-dbg.js",
			"isDebug":true
		},
		{
			"name": "DateTimeInput.control"
		},
		{
			"name": "DateTimeInput.js"
		},
		{
			"name": "DateTimeInputRenderer-dbg.js",
			"isDebug":true
		},
		{
			"name": "DateTimeInputRenderer.js"
		},
		{
			"name": "DateTimeInputType.type"
		},
		{
			"name": "Dialog-dbg.js",
			"isDebug":true
		},
		{
			"name": "Dialog.control"
		},
		{
			"name": "Dialog.js"
		},
		{
			"name": "DialogRenderer-dbg.js",
			"isDebug":true
		},
		{
			"name": "DialogRenderer.js"
		},
		{
			"name": "DialogType.type"
		},
		{
			"name": "DisplayListItem-dbg.js",
			"isDebug":true
		},
		{
			"name": "DisplayListItem.control"
		},
		{
			"name": "DisplayListItem.js"
		},
		{
			"name": "DisplayListItemRenderer-dbg.js",
			"isDebug":true
		},
		{
			"name": "DisplayListItemRenderer.js"
		},
		{
			"name": "DraftIndicator-dbg.js",
			"isDebug":true
		},
		{
			"name": "DraftIndicator.control"
		},
		{
			"name": "DraftIndicator.js"
		},
		{
			"name": "DraftIndicatorRenderer-dbg.js",
			"isDebug":true
		},
		{
			"name": "DraftIndicatorRenderer.js"
		},
		{
			"name": "DraftIndicatorState.type"
		},
		{
			"name": "FacetFilter-dbg.js",
			"isDebug":true
		},
		{
			"name": "FacetFilter.control"
		},
		{
			"name": "FacetFilter.js"
		},
		{
			"name": "FacetFilterItem-dbg.js",
			"isDebug":true
		},
		{
			"name": "FacetFilterItem.control"
		},
		{
			"name": "FacetFilterItem.js"
		},
		{
			"name": "FacetFilterItemRenderer-dbg.js",
			"isDebug":true
		},
		{
			"name": "FacetFilterItemRenderer.js"
		},
		{
			"name": "FacetFilterList-dbg.js",
			"isDebug":true
		},
		{
			"name": "FacetFilterList.control"
		},
		{
			"name": "FacetFilterList.js"
		},
		{
			"name": "FacetFilterListDataType.type"
		},
		{
			"name": "FacetFilterListRenderer-dbg.js",
			"isDebug":true
		},
		{
			"name": "FacetFilterListRenderer.js"
		},
		{
			"name": "FacetFilterRenderer-dbg.js",
			"isDebug":true
		},
		{
			"name": "FacetFilterRenderer.js"
		},
		{
			"name": "FacetFilterType.type"
		},
		{
			"name": "FeedInput-dbg.js",
			"isDebug":true
		},
		{
			"name": "FeedInput.control"
		},
		{
			"name": "FeedInput.js"
		},
		{
			"name": "FeedInputRenderer-dbg.js",
			"isDebug":true
		},
		{
			"name": "FeedInputRenderer.js"
		},
		{
			"name": "FeedListItem-dbg.js",
			"isDebug":true
		},
		{
			"name": "FeedListItem.control"
		},
		{
			"name": "FeedListItem.js"
		},
		{
			"name": "FeedListItemRenderer-dbg.js",
			"isDebug":true
		},
		{
			"name": "FeedListItemRenderer.js"
		},
		{
			"name": "FlexAlignContent.type.off"
		},
		{
			"name": "FlexAlignItems.type"
		},
		{
			"name": "FlexAlignSelf.type"
		},
		{
			"name": "FlexBox-dbg.js",
			"isDebug":true
		},
		{
			"name": "FlexBox.control"
		},
		{
			"name": "FlexBox.js"
		},
		{
			"name": "FlexBoxCssPropertyMap-dbg.js",
			"isDebug":true
		},
		{
			"name": "FlexBoxCssPropertyMap.js"
		},
		{
			"name": "FlexBoxRenderer-dbg.js",
			"isDebug":true
		},
		{
			"name": "FlexBoxRenderer.js"
		},
		{
			"name": "FlexBoxStylingHelper-dbg.js",
			"isDebug":true
		},
		{
			"name": "FlexBoxStylingHelper.js"
		},
		{
			"name": "FlexDirection.type"
		},
		{
			"name": "FlexItemData-dbg.js",
			"isDebug":true
		},
		{
			"name": "FlexItemData.control"
		},
		{
			"name": "FlexItemData.js"
		},
		{
			"name": "FlexJustifyContent.type"
		},
		{
			"name": "FlexRendertype.type"
		},
		{
			"name": "FlexWrap.type.off"
		},
		{
			"name": "GroupHeaderListItem-dbg.js",
			"isDebug":true
		},
		{
			"name": "GroupHeaderListItem.control"
		},
		{
			"name": "GroupHeaderListItem.js"
		},
		{
			"name": "GroupHeaderListItemRenderer-dbg.js",
			"isDebug":true
		},
		{
			"name": "GroupHeaderListItemRenderer.js"
		},
		{
			"name": "GrowingEnablement-dbg.js",
			"isDebug":true
		},
		{
			"name": "GrowingEnablement.js"
		},
		{
			"name": "GrowingList-dbg.js",
			"isDebug":true
		},
		{
			"name": "GrowingList.control"
		},
		{
			"name": "GrowingList.js"
		},
		{
			"name": "GrowingListRenderer-dbg.js",
			"isDebug":true
		},
		{
			"name": "GrowingListRenderer.js"
		},
		{
			"name": "HBox-dbg.js",
			"isDebug":true
		},
		{
			"name": "HBox.control"
		},
		{
			"name": "HBox.js"
		},
		{
			"name": "HBoxRenderer-dbg.js",
			"isDebug":true
		},
		{
			"name": "HBoxRenderer.js"
		},
		{
			"name": "HeaderLevel.type"
		},
		{
			"name": "IBar.interface"
		},
		{
			"name": "IBarHTMLTag.type"
		},
		{
			"name": "IconTab.interface"
		},
		{
			"name": "IconTabBar-dbg.js",
			"isDebug":true
		},
		{
			"name": "IconTabBar.control"
		},
		{
			"name": "IconTabBar.js"
		},
		{
			"name": "IconTabBarRenderer-dbg.js",
			"isDebug":true
		},
		{
			"name": "IconTabBarRenderer.js"
		},
		{
			"name": "IconTabFilter-dbg.js",
			"isDebug":true
		},
		{
			"name": "IconTabFilter.control"
		},
		{
			"name": "IconTabFilter.js"
		},
		{
			"name": "IconTabFilterDesign.type"
		},
		{
			"name": "IconTabHeader-dbg.js",
			"isDebug":true
		},
		{
			"name": "IconTabHeader.control"
		},
		{
			"name": "IconTabHeader.js"
		},
		{
			"name": "IconTabHeaderRenderer-dbg.js",
			"isDebug":true
		},
		{
			"name": "IconTabHeaderRenderer.js"
		},
		{
			"name": "IconTabSeparator-dbg.js",
			"isDebug":true
		},
		{
			"name": "IconTabSeparator.control"
		},
		{
			"name": "IconTabSeparator.js"
		},
		{
			"name": "Image-dbg.js",
			"isDebug":true
		},
		{
			"name": "Image.control"
		},
		{
			"name": "Image.js"
		},
		{
			"name": "ImageMode.type"
		},
		{
			"name": "ImageRenderer-dbg.js",
			"isDebug":true
		},
		{
			"name": "ImageRenderer.js"
		},
		{
			"name": "Input-dbg.js",
			"isDebug":true
		},
		{
			"name": "Input.control"
		},
		{
			"name": "Input.js"
		},
		{
			"name": "InputBase-dbg.js",
			"isDebug":true
		},
		{
			"name": "InputBase.control"
		},
		{
			"name": "InputBase.js"
		},
		{
			"name": "InputBaseRenderer-dbg.js",
			"isDebug":true
		},
		{
			"name": "InputBaseRenderer.js"
		},
		{
			"name": "InputListItem-dbg.js",
			"isDebug":true
		},
		{
			"name": "InputListItem.control"
		},
		{
			"name": "InputListItem.js"
		},
		{
			"name": "InputListItemRenderer-dbg.js",
			"isDebug":true
		},
		{
			"name": "InputListItemRenderer.js"
		},
		{
			"name": "InputRenderer-dbg.js",
			"isDebug":true
		},
		{
			"name": "InputRenderer.js"
		},
		{
			"name": "InputType.type"
		},
		{
			"name": "InstanceManager-dbg.js",
			"isDebug":true
		},
		{
			"name": "InstanceManager.js"
		},
		{
			"name": "Label-dbg.js",
			"isDebug":true
		},
		{
			"name": "Label.control"
		},
		{
			"name": "Label.js"
		},
		{
			"name": "LabelDesign.type"
		},
		{
			"name": "LabelRenderer-dbg.js",
			"isDebug":true
		},
		{
			"name": "LabelRenderer.js"
		},
		{
			"name": "Link-dbg.js",
			"isDebug":true
		},
		{
			"name": "Link.control"
		},
		{
			"name": "Link.js"
		},
		{
			"name": "LinkRenderer-dbg.js",
			"isDebug":true
		},
		{
			"name": "LinkRenderer.js"
		},
		{
			"name": "List-dbg.js",
			"isDebug":true
		},
		{
			"name": "List.control"
		},
		{
			"name": "List.js"
		},
		{
			"name": "ListBase-dbg.js",
			"isDebug":true
		},
		{
			"name": "ListBase.control"
		},
		{
			"name": "ListBase.js"
		},
		{
			"name": "ListBaseRenderer-dbg.js",
			"isDebug":true
		},
		{
			"name": "ListBaseRenderer.js"
		},
		{
			"name": "ListHeaderDesign.type"
		},
		{
			"name": "ListItemBase-dbg.js",
			"isDebug":true
		},
		{
			"name": "ListItemBase.control"
		},
		{
			"name": "ListItemBase.js"
		},
		{
			"name": "ListItemBaseRenderer-dbg.js",
			"isDebug":true
		},
		{
			"name": "ListItemBaseRenderer.js"
		},
		{
			"name": "ListMode.type"
		},
		{
			"name": "ListRenderer-dbg.js",
			"isDebug":true
		},
		{
			"name": "ListRenderer.js"
		},
		{
			"name": "ListSeparators.type"
		},
		{
			"name": "ListType.type"
		},
		{
			"name": "MaskInput-dbg.js",
			"isDebug":true
		},
		{
			"name": "MaskInput.js"
		},
		{
			"name": "MaskInputRenderer-dbg.js",
			"isDebug":true
		},
		{
			"name": "MaskInputRenderer.js"
		},
		{
			"name": "MaskInputRule-dbg.js",
			"isDebug":true
		},
		{
			"name": "MaskInputRule.js"
		},
		{
			"name": "MessageBox-dbg.js",
			"isDebug":true
		},
		{
			"name": "MessageBox.js"
		},
		{
			"name": "MessagePage-dbg.js",
			"isDebug":true
		},
		{
			"name": "MessagePage.control"
		},
		{
			"name": "MessagePage.js"
		},
		{
			"name": "MessagePageRenderer-dbg.js",
			"isDebug":true
		},
		{
			"name": "MessagePageRenderer.js"
		},
		{
			"name": "MessagePopover-dbg.js",
			"isDebug":true
		},
		{
			"name": "MessagePopover.control"
		},
		{
			"name": "MessagePopover.js"
		},
		{
			"name": "MessagePopoverItem-dbg.js",
			"isDebug":true
		},
		{
			"name": "MessagePopoverItem.control"
		},
		{
			"name": "MessagePopoverItem.js"
		},
		{
			"name": "MessagePopoverRenderer-dbg.js",
			"isDebug":true
		},
		{
			"name": "MessagePopoverRenderer.js"
		},
		{
			"name": "MessageStrip-dbg.js",
			"isDebug":true
		},
		{
			"name": "MessageStrip.control"
		},
		{
			"name": "MessageStrip.js"
		},
		{
			"name": "MessageStripRenderer-dbg.js",
			"isDebug":true
		},
		{
			"name": "MessageStripRenderer.js"
		},
		{
			"name": "MessageStripUtilities-dbg.js",
			"isDebug":true
		},
		{
			"name": "MessageStripUtilities.js"
		},
		{
			"name": "MessageToast-dbg.js",
			"isDebug":true
		},
		{
			"name": "MessageToast.js"
		},
		{
			"name": "MultiComboBox-dbg.js",
			"isDebug":true
		},
		{
			"name": "MultiComboBox.control"
		},
		{
			"name": "MultiComboBox.js"
		},
		{
			"name": "MultiComboBoxRenderer-dbg.js",
			"isDebug":true
		},
		{
			"name": "MultiComboBoxRenderer.js"
		},
		{
			"name": "MultiInput-dbg.js",
			"isDebug":true
		},
		{
			"name": "MultiInput.control"
		},
		{
			"name": "MultiInput.js"
		},
		{
			"name": "MultiInputRenderer-dbg.js",
			"isDebug":true
		},
		{
			"name": "MultiInputRenderer.js"
		},
		{
			"name": "NavContainer-dbg.js",
			"isDebug":true
		},
		{
			"name": "NavContainer.control"
		},
		{
			"name": "NavContainer.js"
		},
		{
			"name": "NavContainerRenderer-dbg.js",
			"isDebug":true
		},
		{
			"name": "NavContainerRenderer.js"
		},
		{
			"name": "ObjectAttribute-dbg.js",
			"isDebug":true
		},
		{
			"name": "ObjectAttribute.control"
		},
		{
			"name": "ObjectAttribute.js"
		},
		{
			"name": "ObjectAttributeRenderer-dbg.js",
			"isDebug":true
		},
		{
			"name": "ObjectAttributeRenderer.js"
		},
		{
			"name": "ObjectHeader-dbg.js",
			"isDebug":true
		},
		{
			"name": "ObjectHeader.control"
		},
		{
			"name": "ObjectHeader.js"
		},
		{
			"name": "ObjectHeaderContainer.interface"
		},
		{
			"name": "ObjectHeaderRenderer-dbg.js",
			"isDebug":true
		},
		{
			"name": "ObjectHeaderRenderer.js"
		},
		{
			"name": "ObjectIdentifier-dbg.js",
			"isDebug":true
		},
		{
			"name": "ObjectIdentifier.control"
		},
		{
			"name": "ObjectIdentifier.js"
		},
		{
			"name": "ObjectIdentifierRenderer-dbg.js",
			"isDebug":true
		},
		{
			"name": "ObjectIdentifierRenderer.js"
		},
		{
			"name": "ObjectListItem-dbg.js",
			"isDebug":true
		},
		{
			"name": "ObjectListItem.control"
		},
		{
			"name": "ObjectListItem.js"
		},
		{
			"name": "ObjectListItemRenderer-dbg.js",
			"isDebug":true
		},
		{
			"name": "ObjectListItemRenderer.js"
		},
		{
			"name": "ObjectNumber-dbg.js",
			"isDebug":true
		},
		{
			"name": "ObjectNumber.control"
		},
		{
			"name": "ObjectNumber.js"
		},
		{
			"name": "ObjectNumberRenderer-dbg.js",
			"isDebug":true
		},
		{
			"name": "ObjectNumberRenderer.js"
		},
		{
			"name": "ObjectStatus-dbg.js",
			"isDebug":true
		},
		{
			"name": "ObjectStatus.control"
		},
		{
			"name": "ObjectStatus.js"
		},
		{
			"name": "ObjectStatusRenderer-dbg.js",
			"isDebug":true
		},
		{
			"name": "ObjectStatusRenderer.js"
		},
		{
			"name": "OverflowToolbar-dbg.js",
			"isDebug":true
		},
		{
			"name": "OverflowToolbar.control"
		},
		{
			"name": "OverflowToolbar.js"
		},
		{
			"name": "OverflowToolbarAssociativePopover-dbg.js",
			"isDebug":true
		},
		{
			"name": "OverflowToolbarAssociativePopover.js"
		},
		{
			"name": "OverflowToolbarAssociativePopoverControls-dbg.js",
			"isDebug":true
		},
		{
			"name": "OverflowToolbarAssociativePopoverControls.js"
		},
		{
			"name": "OverflowToolbarButton-dbg.js",
			"isDebug":true
		},
		{
			"name": "OverflowToolbarButton.js"
		},
		{
			"name": "OverflowToolbarLayoutData-dbg.js",
			"isDebug":true
		},
		{
			"name": "OverflowToolbarLayoutData.control"
		},
		{
			"name": "OverflowToolbarLayoutData.js"
		},
		{
			"name": "OverflowToolbarPriority.type"
		},
		{
			"name": "OverflowToolbarRenderer-dbg.js",
			"isDebug":true
		},
		{
			"name": "OverflowToolbarRenderer.js"
		},
		{
			"name": "P13nColumnsItem-dbg.js",
			"isDebug":true
		},
		{
			"name": "P13nColumnsItem.control"
		},
		{
			"name": "P13nColumnsItem.js"
		},
		{
			"name": "P13nColumnsPanel-dbg.js",
			"isDebug":true
		},
		{
			"name": "P13nColumnsPanel.control"
		},
		{
			"name": "P13nColumnsPanel.js"
		},
		{
			"name": "P13nColumnsPanelRenderer-dbg.js",
			"isDebug":true
		},
		{
			"name": "P13nColumnsPanelRenderer.js"
		},
		{
			"name": "P13nConditionPanel-dbg.js",
			"isDebug":true
		},
		{
			"name": "P13nConditionPanel.control"
		},
		{
			"name": "P13nConditionPanel.js"
		},
		{
			"name": "P13nConditionPanelRenderer-dbg.js",
			"isDebug":true
		},
		{
			"name": "P13nConditionPanelRenderer.js"
		},
		{
			"name": "P13nDialog-dbg.js",
			"isDebug":true
		},
		{
			"name": "P13nDialog.control"
		},
		{
			"name": "P13nDialog.js"
		},
		{
			"name": "P13nDialogRenderer-dbg.js",
			"isDebug":true
		},
		{
			"name": "P13nDialogRenderer.js"
		},
		{
			"name": "P13nFilterItem-dbg.js",
			"isDebug":true
		},
		{
			"name": "P13nFilterItem.control"
		},
		{
			"name": "P13nFilterItem.js"
		},
		{
			"name": "P13nFilterPanel-dbg.js",
			"isDebug":true
		},
		{
			"name": "P13nFilterPanel.control"
		},
		{
			"name": "P13nFilterPanel.js"
		},
		{
			"name": "P13nFilterPanelRenderer-dbg.js",
			"isDebug":true
		},
		{
			"name": "P13nFilterPanelRenderer.js"
		},
		{
			"name": "P13nGroupItem-dbg.js",
			"isDebug":true
		},
		{
			"name": "P13nGroupItem.control"
		},
		{
			"name": "P13nGroupItem.js"
		},
		{
			"name": "P13nGroupPanel-dbg.js",
			"isDebug":true
		},
		{
			"name": "P13nGroupPanel.control"
		},
		{
			"name": "P13nGroupPanel.js"
		},
		{
			"name": "P13nGroupPanelRenderer-dbg.js",
			"isDebug":true
		},
		{
			"name": "P13nGroupPanelRenderer.js"
		},
		{
			"name": "P13nItem-dbg.js",
			"isDebug":true
		},
		{
			"name": "P13nItem.control"
		},
		{
			"name": "P13nItem.js"
		},
		{
			"name": "P13nPanel-dbg.js",
			"isDebug":true
		},
		{
			"name": "P13nPanel.control"
		},
		{
			"name": "P13nPanel.js"
		},
		{
			"name": "P13nPanelRenderer-dbg.js",
			"isDebug":true
		},
		{
			"name": "P13nPanelRenderer.js"
		},
		{
			"name": "P13nPanelType.type"
		},
		{
			"name": "P13nSortItem-dbg.js",
			"isDebug":true
		},
		{
			"name": "P13nSortItem.control"
		},
		{
			"name": "P13nSortItem.js"
		},
		{
			"name": "P13nSortPanel-dbg.js",
			"isDebug":true
		},
		{
			"name": "P13nSortPanel.control"
		},
		{
			"name": "P13nSortPanel.js"
		},
		{
			"name": "P13nSortPanelRenderer-dbg.js",
			"isDebug":true
		},
		{
			"name": "P13nSortPanelRenderer.js"
		},
		{
			"name": "Page-dbg.js",
			"isDebug":true
		},
		{
			"name": "Page.control"
		},
		{
			"name": "Page.designtime-dbg.js",
			"isDebug":true
		},
		{
			"name": "Page.designtime.js"
		},
		{
			"name": "Page.js"
		},
		{
			"name": "PageBackgroundDesign.type"
		},
		{
			"name": "PageRenderer-dbg.js",
			"isDebug":true
		},
		{
			"name": "PageRenderer.js"
		},
		{
			"name": "PagingButton-dbg.js",
			"isDebug":true
		},
		{
			"name": "PagingButton.control"
		},
		{
			"name": "PagingButton.js"
		},
		{
			"name": "PagingButtonRenderer-dbg.js",
			"isDebug":true
		},
		{
			"name": "PagingButtonRenderer.js"
		},
		{
			"name": "Panel-dbg.js",
			"isDebug":true
		},
		{
			"name": "Panel.control"
		},
		{
			"name": "Panel.js"
		},
		{
			"name": "PanelRenderer-dbg.js",
			"isDebug":true
		},
		{
			"name": "PanelRenderer.js"
		},
		{
			"name": "PlacementType.type"
		},
		{
			"name": "PopinDisplay.type"
		},
		{
			"name": "Popover-dbg.js",
			"isDebug":true
		},
		{
			"name": "Popover.control"
		},
		{
			"name": "Popover.js"
		},
		{
			"name": "PopoverRenderer-dbg.js",
			"isDebug":true
		},
		{
			"name": "PopoverRenderer.js"
		},
		{
			"name": "ProgressIndicator-dbg.js",
			"isDebug":true
		},
		{
			"name": "ProgressIndicator.control"
		},
		{
			"name": "ProgressIndicator.js"
		},
		{
			"name": "ProgressIndicatorRenderer-dbg.js",
			"isDebug":true
		},
		{
			"name": "ProgressIndicatorRenderer.js"
		},
		{
			"name": "PullToRefresh-dbg.js",
			"isDebug":true
		},
		{
			"name": "PullToRefresh.control"
		},
		{
			"name": "PullToRefresh.js"
		},
		{
			"name": "PullToRefreshRenderer-dbg.js",
			"isDebug":true
		},
		{
			"name": "PullToRefreshRenderer.js"
		},
		{
			"name": "QuickView-dbg.js",
			"isDebug":true
		},
		{
			"name": "QuickView.control"
		},
		{
			"name": "QuickView.js"
		},
		{
			"name": "QuickViewBase-dbg.js",
			"isDebug":true
		},
		{
			"name": "QuickViewBase.control"
		},
		{
			"name": "QuickViewBase.js"
		},
		{
			"name": "QuickViewCard-dbg.js",
			"isDebug":true
		},
		{
			"name": "QuickViewCard.control"
		},
		{
			"name": "QuickViewCard.js"
		},
		{
			"name": "QuickViewCardRenderer-dbg.js",
			"isDebug":true
		},
		{
			"name": "QuickViewCardRenderer.js"
		},
		{
			"name": "QuickViewGroup-dbg.js",
			"isDebug":true
		},
		{
			"name": "QuickViewGroup.control"
		},
		{
			"name": "QuickViewGroup.js"
		},
		{
			"name": "QuickViewGroupElement-dbg.js",
			"isDebug":true
		},
		{
			"name": "QuickViewGroupElement.control"
		},
		{
			"name": "QuickViewGroupElement.js"
		},
		{
			"name": "QuickViewGroupElementType.type"
		},
		{
			"name": "QuickViewPage-dbg.js",
			"isDebug":true
		},
		{
			"name": "QuickViewPage.control"
		},
		{
			"name": "QuickViewPage.js"
		},
		{
			"name": "QuickViewPageRenderer-dbg.js",
			"isDebug":true
		},
		{
			"name": "QuickViewPageRenderer.js"
		},
		{
			"name": "QuickViewRenderer-dbg.js",
			"isDebug":true
		},
		{
			"name": "QuickViewRenderer.js"
		},
		{
			"name": "RadioButton-dbg.js",
			"isDebug":true
		},
		{
			"name": "RadioButton.control"
		},
		{
			"name": "RadioButton.js"
		},
		{
			"name": "RadioButtonGroup-dbg.js",
			"isDebug":true
		},
		{
			"name": "RadioButtonGroup.control"
		},
		{
			"name": "RadioButtonGroup.js"
		},
		{
			"name": "RadioButtonGroupRenderer-dbg.js",
			"isDebug":true
		},
		{
			"name": "RadioButtonGroupRenderer.js"
		},
		{
			"name": "RadioButtonRenderer-dbg.js",
			"isDebug":true
		},
		{
			"name": "RadioButtonRenderer.js"
		},
		{
			"name": "RatingIndicator-dbg.js",
			"isDebug":true
		},
		{
			"name": "RatingIndicator.control"
		},
		{
			"name": "RatingIndicator.js"
		},
		{
			"name": "RatingIndicatorRenderer-dbg.js",
			"isDebug":true
		},
		{
			"name": "RatingIndicatorRenderer.js"
		},
		{
			"name": "RatingIndicatorVisualMode.type"
		},
		{
			"name": "ResponsivePopover-dbg.js",
			"isDebug":true
		},
		{
			"name": "ResponsivePopover.control"
		},
		{
			"name": "ResponsivePopover.js"
		},
		{
			"name": "ResponsivePopoverRenderer-dbg.js",
			"isDebug":true
		},
		{
			"name": "ResponsivePopoverRenderer.js"
		},
		{
			"name": "ScreenSize.type"
		},
		{
			"name": "ScrollContainer-dbg.js",
			"isDebug":true
		},
		{
			"name": "ScrollContainer.control"
		},
		{
			"name": "ScrollContainer.js"
		},
		{
			"name": "ScrollContainerRenderer-dbg.js",
			"isDebug":true
		},
		{
			"name": "ScrollContainerRenderer.js"
		},
		{
			"name": "SearchField-dbg.js",
			"isDebug":true
		},
		{
			"name": "SearchField.control"
		},
		{
			"name": "SearchField.js"
		},
		{
			"name": "SearchFieldRenderer-dbg.js",
			"isDebug":true
		},
		{
			"name": "SearchFieldRenderer.js"
		},
		{
			"name": "SegmentedButton-dbg.js",
			"isDebug":true
		},
		{
			"name": "SegmentedButton.control"
		},
		{
			"name": "SegmentedButton.js"
		},
		{
			"name": "SegmentedButtonItem-dbg.js",
			"isDebug":true
		},
		{
			"name": "SegmentedButtonItem.control"
		},
		{
			"name": "SegmentedButtonItem.js"
		},
		{
			"name": "SegmentedButtonRenderer-dbg.js",
			"isDebug":true
		},
		{
			"name": "SegmentedButtonRenderer.js"
		},
		{
			"name": "Select-dbg.js",
			"isDebug":true
		},
		{
			"name": "Select.control"
		},
		{
			"name": "Select.js"
		},
		{
			"name": "SelectDialog-dbg.js",
			"isDebug":true
		},
		{
			"name": "SelectDialog.control"
		},
		{
			"name": "SelectDialog.js"
		},
		{
			"name": "SelectDialogRenderer-dbg.js",
			"isDebug":true
		},
		{
			"name": "SelectDialogRenderer.js"
		},
		{
			"name": "SelectList-dbg.js",
			"isDebug":true
		},
		{
			"name": "SelectList.control"
		},
		{
			"name": "SelectList.js"
		},
		{
			"name": "SelectListRenderer-dbg.js",
			"isDebug":true
		},
		{
			"name": "SelectListRenderer.js"
		},
		{
			"name": "SelectRenderer-dbg.js",
			"isDebug":true
		},
		{
			"name": "SelectRenderer.js"
		},
		{
			"name": "SelectType.type"
		},
		{
			"name": "Shell-dbg.js",
			"isDebug":true
		},
		{
			"name": "Shell.control"
		},
		{
			"name": "Shell.js"
		},
		{
			"name": "ShellRenderer-dbg.js",
			"isDebug":true
		},
		{
			"name": "ShellRenderer.js"
		},
		{
			"name": "Slider-dbg.js",
			"isDebug":true
		},
		{
			"name": "Slider.control"
		},
		{
			"name": "Slider.js"
		},
		{
			"name": "SliderRenderer-dbg.js",
			"isDebug":true
		},
		{
			"name": "SliderRenderer.js"
		},
		{
			"name": "SplitApp-dbg.js",
			"isDebug":true
		},
		{
			"name": "SplitApp.control"
		},
		{
			"name": "SplitApp.js"
		},
		{
			"name": "SplitAppMode.type"
		},
		{
			"name": "SplitAppRenderer-dbg.js",
			"isDebug":true
		},
		{
			"name": "SplitAppRenderer.js"
		},
		{
			"name": "SplitContainer-dbg.js",
			"isDebug":true
		},
		{
			"name": "SplitContainer.control"
		},
		{
			"name": "SplitContainer.js"
		},
		{
			"name": "SplitContainerRenderer-dbg.js",
			"isDebug":true
		},
		{
			"name": "SplitContainerRenderer.js"
		},
		{
			"name": "StandardListItem-dbg.js",
			"isDebug":true
		},
		{
			"name": "StandardListItem.control"
		},
		{
			"name": "StandardListItem.js"
		},
		{
			"name": "StandardListItemRenderer-dbg.js",
			"isDebug":true
		},
		{
			"name": "StandardListItemRenderer.js"
		},
		{
			"name": "StandardTile-dbg.js",
			"isDebug":true
		},
		{
			"name": "StandardTile.control"
		},
		{
			"name": "StandardTile.js"
		},
		{
			"name": "StandardTileRenderer-dbg.js",
			"isDebug":true
		},
		{
			"name": "StandardTileRenderer.js"
		},
		{
			"name": "StandardTileType.type"
		},
		{
			"name": "Support-dbg.js",
			"isDebug":true
		},
		{
			"name": "Support.js"
		},
		{
			"name": "SwipeDirection.type"
		},
		{
			"name": "Switch-dbg.js",
			"isDebug":true
		},
		{
			"name": "Switch.control"
		},
		{
			"name": "Switch.js"
		},
		{
			"name": "SwitchRenderer-dbg.js",
			"isDebug":true
		},
		{
			"name": "SwitchRenderer.js"
		},
		{
			"name": "SwitchType.type"
		},
		{
			"name": "Table-dbg.js",
			"isDebug":true
		},
		{
			"name": "Table.control"
		},
		{
			"name": "Table.js"
		},
		{
			"name": "TablePersoController-dbg.js",
			"isDebug":true
		},
		{
			"name": "TablePersoController.js"
		},
		{
			"name": "TablePersoDialog-dbg.js",
			"isDebug":true
		},
		{
			"name": "TablePersoDialog.js"
		},
		{
			"name": "TablePersoProvider-dbg.js",
			"isDebug":true
		},
		{
			"name": "TablePersoProvider.js"
		},
		{
			"name": "TableRenderer-dbg.js",
			"isDebug":true
		},
		{
			"name": "TableRenderer.js"
		},
		{
			"name": "TableSelectDialog-dbg.js",
			"isDebug":true
		},
		{
			"name": "TableSelectDialog.control"
		},
		{
			"name": "TableSelectDialog.js"
		},
		{
			"name": "TableSelectDialogRenderer-dbg.js",
			"isDebug":true
		},
		{
			"name": "TableSelectDialogRenderer.js"
		},
		{
			"name": "Text-dbg.js",
			"isDebug":true
		},
		{
			"name": "Text.control"
		},
		{
			"name": "Text.js"
		},
		{
			"name": "TextArea-dbg.js",
			"isDebug":true
		},
		{
			"name": "TextArea.control"
		},
		{
			"name": "TextArea.js"
		},
		{
			"name": "TextAreaRenderer-dbg.js",
			"isDebug":true
		},
		{
			"name": "TextAreaRenderer.js"
		},
		{
			"name": "TextRenderer-dbg.js",
			"isDebug":true
		},
		{
			"name": "TextRenderer.js"
		},
		{
			"name": "Tile-dbg.js",
			"isDebug":true
		},
		{
			"name": "Tile.control"
		},
		{
			"name": "Tile.js"
		},
		{
			"name": "TileContainer-dbg.js",
			"isDebug":true
		},
		{
			"name": "TileContainer.control"
		},
		{
			"name": "TileContainer.js"
		},
		{
			"name": "TileContainerRenderer-dbg.js",
			"isDebug":true
		},
		{
			"name": "TileContainerRenderer.js"
		},
		{
			"name": "TileRenderer-dbg.js",
			"isDebug":true
		},
		{
			"name": "TileRenderer.js"
		},
		{
			"name": "TimePicker-dbg.js",
			"isDebug":true
		},
		{
			"name": "TimePicker.js"
		},
		{
			"name": "TimePickerRenderer-dbg.js",
			"isDebug":true
		},
		{
			"name": "TimePickerRenderer.js"
		},
		{
			"name": "TimePickerSlider-dbg.js",
			"isDebug":true
		},
		{
			"name": "TimePickerSlider.js"
		},
		{
			"name": "TimePickerSliderRenderer-dbg.js",
			"isDebug":true
		},
		{
			"name": "TimePickerSliderRenderer.js"
		},
		{
			"name": "TimePickerSliders-dbg.js",
			"isDebug":true
		},
		{
			"name": "TimePickerSliders.js"
		},
		{
			"name": "TimePickerSlidersRenderer-dbg.js",
			"isDebug":true
		},
		{
			"name": "TimePickerSlidersRenderer.js"
		},
		{
			"name": "Title-dbg.js",
			"isDebug":true
		},
		{
			"name": "Title.control"
		},
		{
			"name": "Title.js"
		},
		{
			"name": "TitleRenderer-dbg.js",
			"isDebug":true
		},
		{
			"name": "TitleRenderer.js"
		},
		{
			"name": "ToggleButton-dbg.js",
			"isDebug":true
		},
		{
			"name": "ToggleButton.control"
		},
		{
			"name": "ToggleButton.js"
		},
		{
			"name": "ToggleButtonRenderer-dbg.js",
			"isDebug":true
		},
		{
			"name": "ToggleButtonRenderer.js"
		},
		{
			"name": "Token-dbg.js",
			"isDebug":true
		},
		{
			"name": "Token.control"
		},
		{
			"name": "Token.js"
		},
		{
			"name": "TokenRenderer-dbg.js",
			"isDebug":true
		},
		{
			"name": "TokenRenderer.js"
		},
		{
			"name": "Tokenizer-dbg.js",
			"isDebug":true
		},
		{
			"name": "Tokenizer.control"
		},
		{
			"name": "Tokenizer.js"
		},
		{
			"name": "TokenizerRenderer-dbg.js",
			"isDebug":true
		},
		{
			"name": "TokenizerRenderer.js"
		},
		{
			"name": "Toolbar-dbg.js",
			"isDebug":true
		},
		{
			"name": "Toolbar.control"
		},
		{
			"name": "Toolbar.js"
		},
		{
			"name": "ToolbarDesign.type"
		},
		{
			"name": "ToolbarLayoutData-dbg.js",
			"isDebug":true
		},
		{
			"name": "ToolbarLayoutData.control"
		},
		{
			"name": "ToolbarLayoutData.js"
		},
		{
			"name": "ToolbarRenderer-dbg.js",
			"isDebug":true
		},
		{
			"name": "ToolbarRenderer.js"
		},
		{
			"name": "ToolbarSeparator-dbg.js",
			"isDebug":true
		},
		{
			"name": "ToolbarSeparator.control"
		},
		{
			"name": "ToolbarSeparator.js"
		},
		{
			"name": "ToolbarSeparatorRenderer-dbg.js",
			"isDebug":true
		},
		{
			"name": "ToolbarSeparatorRenderer.js"
		},
		{
			"name": "ToolbarSpacer-dbg.js",
			"isDebug":true
		},
		{
			"name": "ToolbarSpacer.control"
		},
		{
			"name": "ToolbarSpacer.js"
		},
		{
			"name": "ToolbarSpacerRenderer-dbg.js",
			"isDebug":true
		},
		{
			"name": "ToolbarSpacerRenderer.js"
		},
		{
			"name": "UploadCollection-dbg.js",
			"isDebug":true
		},
		{
			"name": "UploadCollection.control"
		},
		{
			"name": "UploadCollection.js"
		},
		{
			"name": "UploadCollectionItem-dbg.js",
			"isDebug":true
		},
		{
			"name": "UploadCollectionItem.control"
		},
		{
			"name": "UploadCollectionItem.js"
		},
		{
			"name": "UploadCollectionParameter-dbg.js",
			"isDebug":true
		},
		{
			"name": "UploadCollectionParameter.control"
		},
		{
			"name": "UploadCollectionParameter.js"
		},
		{
			"name": "UploadCollectionRenderer-dbg.js",
			"isDebug":true
		},
		{
			"name": "UploadCollectionRenderer.js"
		},
		{
			"name": "VBox-dbg.js",
			"isDebug":true
		},
		{
			"name": "VBox.control"
		},
		{
			"name": "VBox.js"
		},
		{
			"name": "VBoxRenderer-dbg.js",
			"isDebug":true
		},
		{
			"name": "VBoxRenderer.js"
		},
		{
			"name": "VerticalPlacementType.type"
		},
		{
			"name": "ViewSettingsCustomItem-dbg.js",
			"isDebug":true
		},
		{
			"name": "ViewSettingsCustomItem.control"
		},
		{
			"name": "ViewSettingsCustomItem.js"
		},
		{
			"name": "ViewSettingsCustomTab-dbg.js",
			"isDebug":true
		},
		{
			"name": "ViewSettingsCustomTab.control"
		},
		{
			"name": "ViewSettingsCustomTab.js"
		},
		{
			"name": "ViewSettingsDialog-dbg.js",
			"isDebug":true
		},
		{
			"name": "ViewSettingsDialog.control"
		},
		{
			"name": "ViewSettingsDialog.js"
		},
		{
			"name": "ViewSettingsDialogRenderer-dbg.js",
			"isDebug":true
		},
		{
			"name": "ViewSettingsDialogRenderer.js"
		},
		{
			"name": "ViewSettingsFilterItem-dbg.js",
			"isDebug":true
		},
		{
			"name": "ViewSettingsFilterItem.control"
		},
		{
			"name": "ViewSettingsFilterItem.js"
		},
		{
			"name": "ViewSettingsItem-dbg.js",
			"isDebug":true
		},
		{
			"name": "ViewSettingsItem.control"
		},
		{
			"name": "ViewSettingsItem.js"
		},
		{
			"name": "Wizard-dbg.js",
			"isDebug":true
		},
		{
			"name": "Wizard.control"
		},
		{
			"name": "Wizard.js"
		},
		{
			"name": "WizardProgressNavigator-dbg.js",
			"isDebug":true
		},
		{
			"name": "WizardProgressNavigator.js"
		},
		{
			"name": "WizardProgressNavigatorRenderer-dbg.js",
			"isDebug":true
		},
		{
			"name": "WizardProgressNavigatorRenderer.js"
		},
		{
			"name": "WizardRenderer-dbg.js",
			"isDebug":true
		},
		{
			"name": "WizardRenderer.js"
		},
		{
			"name": "WizardStep-dbg.js",
			"isDebug":true
		},
		{
			"name": "WizardStep.control"
		},
		{
			"name": "WizardStep.js"
		},
		{
			"name": "WizardStepRenderer-dbg.js",
			"isDebug":true
		},
		{
			"name": "WizardStepRenderer.js"
		},
		{
			"name": "ios7-dbg.js",
			"isDebug":true
		},
		{
			"name": "ios7.js"
		},
		{
			"name": "library-all-dbg.js",
			"isDebug":true,
			"merged":true
		},
		{
			"name": "library-all.js",
			"merged":true
		},
		{
			"name": "library-dbg.js",
			"isDebug":true
		},
		{
			"name": "library-preload.json",
			"merged":true
		},
		{
			"name": "library.dependencies.json"
		},
		{
			"name": "library.dependencies.xml"
		},
		{
			"name": "library.js"
		},
		{
			"name": "library.templates.xml"
		},
		{
			"name": "manifest.json"
		},
		{
			"name": "messagebundle.properties",
			"raw":"messagebundle.properties",
			"locale":""
		},
		{
			"name": "messagebundle_ar.properties",
			"raw":"messagebundle.properties",
			"locale":"ar"
		},
		{
			"name": "messagebundle_bg.properties",
			"raw":"messagebundle.properties",
			"locale":"bg"
		},
		{
			"name": "messagebundle_ca.properties",
			"raw":"messagebundle.properties",
			"locale":"ca"
		},
		{
			"name": "messagebundle_cs.properties",
			"raw":"messagebundle.properties",
			"locale":"cs"
		},
		{
			"name": "messagebundle_da.properties",
			"raw":"messagebundle.properties",
			"locale":"da"
		},
		{
			"name": "messagebundle_de.properties",
			"raw":"messagebundle.properties",
			"locale":"de"
		},
		{
			"name": "messagebundle_el.properties",
			"raw":"messagebundle.properties",
			"locale":"el"
		},
		{
			"name": "messagebundle_en.properties",
			"raw":"messagebundle.properties",
			"locale":"en"
		},
		{
			"name": "messagebundle_en_US_sappsd.properties",
			"raw":"messagebundle.properties",
			"locale":"en_US_sappsd"
		},
		{
			"name": "messagebundle_en_US_saptrc.properties",
			"raw":"messagebundle.properties",
			"locale":"en_US_saptrc"
		},
		{
			"name": "messagebundle_es.properties",
			"raw":"messagebundle.properties",
			"locale":"es"
		},
		{
			"name": "messagebundle_et.properties",
			"raw":"messagebundle.properties",
			"locale":"et"
		},
		{
			"name": "messagebundle_fi.properties",
			"raw":"messagebundle.properties",
			"locale":"fi"
		},
		{
			"name": "messagebundle_fr.properties",
			"raw":"messagebundle.properties",
			"locale":"fr"
		},
		{
			"name": "messagebundle_hi.properties",
			"raw":"messagebundle.properties",
			"locale":"hi"
		},
		{
			"name": "messagebundle_hr.properties",
			"raw":"messagebundle.properties",
			"locale":"hr"
		},
		{
			"name": "messagebundle_hu.properties",
			"raw":"messagebundle.properties",
			"locale":"hu"
		},
		{
			"name": "messagebundle_it.properties",
			"raw":"messagebundle.properties",
			"locale":"it"
		},
		{
			"name": "messagebundle_iw.properties",
			"raw":"messagebundle.properties",
			"locale":"iw"
		},
		{
			"name": "messagebundle_ja.properties",
			"raw":"messagebundle.properties",
			"locale":"ja"
		},
		{
			"name": "messagebundle_ko.properties",
			"raw":"messagebundle.properties",
			"locale":"ko"
		},
		{
			"name": "messagebundle_lt.properties",
			"raw":"messagebundle.properties",
			"locale":"lt"
		},
		{
			"name": "messagebundle_lv.properties",
			"raw":"messagebundle.properties",
			"locale":"lv"
		},
		{
			"name": "messagebundle_nl.properties",
			"raw":"messagebundle.properties",
			"locale":"nl"
		},
		{
			"name": "messagebundle_no.properties",
			"raw":"messagebundle.properties",
			"locale":"no"
		},
		{
			"name": "messagebundle_pl.properties",
			"raw":"messagebundle.properties",
			"locale":"pl"
		},
		{
			"name": "messagebundle_pt.properties",
			"raw":"messagebundle.properties",
			"locale":"pt"
		},
		{
			"name": "messagebundle_ro.properties",
			"raw":"messagebundle.properties",
			"locale":"ro"
		},
		{
			"name": "messagebundle_ru.properties",
			"raw":"messagebundle.properties",
			"locale":"ru"
		},
		{
			"name": "messagebundle_sh.properties",
			"raw":"messagebundle.properties",
			"locale":"sh"
		},
		{
			"name": "messagebundle_sk.properties",
			"raw":"messagebundle.properties",
			"locale":"sk"
		},
		{
			"name": "messagebundle_sl.properties",
			"raw":"messagebundle.properties",
			"locale":"sl"
		},
		{
			"name": "messagebundle_sv.properties",
			"raw":"messagebundle.properties",
			"locale":"sv"
		},
		{
			"name": "messagebundle_th.properties",
			"raw":"messagebundle.properties",
			"locale":"th"
		},
		{
			"name": "messagebundle_tr.properties",
			"raw":"messagebundle.properties",
			"locale":"tr"
		},
		{
			"name": "messagebundle_uk.properties",
			"raw":"messagebundle.properties",
			"locale":"uk"
		},
		{
			"name": "messagebundle_vi.properties",
			"raw":"messagebundle.properties",
			"locale":"vi"
		},
		{
			"name": "messagebundle_zh_CN.properties",
			"raw":"messagebundle_zh.properties",
			"locale":"CN"
		},
		{
			"name": "messagebundle_zh_TW.properties",
			"raw":"messagebundle_zh.properties",
			"locale":"TW"
		},
		{
			"name": "routing/RouteMatchedHandler-dbg.js",
			"isDebug":true
		},
		{
			"name": "routing/RouteMatchedHandler.js"
		},
		{
			"name": "routing/Router-dbg.js",
			"isDebug":true
		},
		{
			"name": "routing/Router.js"
		},
		{
			"name": "routing/Target-dbg.js",
			"isDebug":true
		},
		{
			"name": "routing/Target.js"
		},
		{
			"name": "routing/TargetHandler-dbg.js",
			"isDebug":true
		},
		{
			"name": "routing/TargetHandler.js"
		},
		{
			"name": "routing/Targets-dbg.js",
			"isDebug":true
		},
		{
			"name": "routing/Targets.js"
		},
		{
			"name": "semantic/AddAction-dbg.js",
			"isDebug":true
		},
		{
			"name": "semantic/AddAction.control"
		},
		{
			"name": "semantic/AddAction.js"
		},
		{
			"name": "semantic/CancelAction-dbg.js",
			"isDebug":true
		},
		{
			"name": "semantic/CancelAction.control"
		},
		{
			"name": "semantic/CancelAction.js"
		},
		{
			"name": "semantic/DetailPage-dbg.js",
			"isDebug":true
		},
		{
			"name": "semantic/DetailPage.control"
		},
		{
			"name": "semantic/DetailPage.js"
		},
		{
			"name": "semantic/DiscussInJamAction-dbg.js",
			"isDebug":true
		},
		{
			"name": "semantic/DiscussInJamAction.control"
		},
		{
			"name": "semantic/DiscussInJamAction.js"
		},
		{
			"name": "semantic/EditAction-dbg.js",
			"isDebug":true
		},
		{
			"name": "semantic/EditAction.control"
		},
		{
			"name": "semantic/EditAction.js"
		},
		{
			"name": "semantic/FavoriteAction-dbg.js",
			"isDebug":true
		},
		{
			"name": "semantic/FavoriteAction.control"
		},
		{
			"name": "semantic/FavoriteAction.js"
		},
		{
			"name": "semantic/FilterAction-dbg.js",
			"isDebug":true
		},
		{
			"name": "semantic/FilterAction.control"
		},
		{
			"name": "semantic/FilterAction.js"
		},
		{
			"name": "semantic/FilterSelect-dbg.js",
			"isDebug":true
		},
		{
			"name": "semantic/FilterSelect.control"
		},
		{
			"name": "semantic/FilterSelect.js"
		},
		{
			"name": "semantic/FlagAction-dbg.js",
			"isDebug":true
		},
		{
			"name": "semantic/FlagAction.control"
		},
		{
			"name": "semantic/FlagAction.js"
		},
		{
			"name": "semantic/ForwardAction-dbg.js",
			"isDebug":true
		},
		{
			"name": "semantic/ForwardAction.control"
		},
		{
			"name": "semantic/ForwardAction.js"
		},
		{
			"name": "semantic/FullscreenPage-dbg.js",
			"isDebug":true
		},
		{
			"name": "semantic/FullscreenPage.control"
		},
		{
			"name": "semantic/FullscreenPage.js"
		},
		{
			"name": "semantic/GroupAction-dbg.js",
			"isDebug":true
		},
		{
			"name": "semantic/GroupAction.control"
		},
		{
			"name": "semantic/GroupAction.js"
		},
		{
			"name": "semantic/GroupSelect-dbg.js",
			"isDebug":true
		},
		{
			"name": "semantic/GroupSelect.control"
		},
		{
			"name": "semantic/GroupSelect.js"
		},
		{
			"name": "semantic/IFilter.interface"
		},
		{
			"name": "semantic/IGroup.interface"
		},
		{
			"name": "semantic/ISort.interface"
		},
		{
			"name": "semantic/MainAction-dbg.js",
			"isDebug":true
		},
		{
			"name": "semantic/MainAction.control"
		},
		{
			"name": "semantic/MainAction.js"
		},
		{
			"name": "semantic/MasterPage-dbg.js",
			"isDebug":true
		},
		{
			"name": "semantic/MasterPage.control"
		},
		{
			"name": "semantic/MasterPage.js"
		},
		{
			"name": "semantic/MessagesIndicator-dbg.js",
			"isDebug":true
		},
		{
			"name": "semantic/MessagesIndicator.control"
		},
		{
			"name": "semantic/MessagesIndicator.js"
		},
		{
			"name": "semantic/MultiSelectAction-dbg.js",
			"isDebug":true
		},
		{
			"name": "semantic/MultiSelectAction.control"
		},
		{
			"name": "semantic/MultiSelectAction.js"
		},
		{
			"name": "semantic/NegativeAction-dbg.js",
			"isDebug":true
		},
		{
			"name": "semantic/NegativeAction.control"
		},
		{
			"name": "semantic/NegativeAction.js"
		},
		{
			"name": "semantic/OpenInAction-dbg.js",
			"isDebug":true
		},
		{
			"name": "semantic/OpenInAction.control"
		},
		{
			"name": "semantic/OpenInAction.js"
		},
		{
			"name": "semantic/PositiveAction-dbg.js",
			"isDebug":true
		},
		{
			"name": "semantic/PositiveAction.control"
		},
		{
			"name": "semantic/PositiveAction.js"
		},
		{
			"name": "semantic/PrintAction-dbg.js",
			"isDebug":true
		},
		{
			"name": "semantic/PrintAction.control"
		},
		{
			"name": "semantic/PrintAction.js"
		},
		{
			"name": "semantic/SaveAction-dbg.js",
			"isDebug":true
		},
		{
			"name": "semantic/SaveAction.control"
		},
		{
			"name": "semantic/SaveAction.js"
		},
		{
			"name": "semantic/Segment-dbg.js",
			"isDebug":true
		},
		{
			"name": "semantic/Segment.js"
		},
		{
			"name": "semantic/SegmentedContainer-dbg.js",
			"isDebug":true
		},
		{
			"name": "semantic/SegmentedContainer.js"
		},
		{
			"name": "semantic/SemanticButton-dbg.js",
			"isDebug":true
		},
		{
			"name": "semantic/SemanticButton.control"
		},
		{
			"name": "semantic/SemanticButton.js"
		},
		{
			"name": "semantic/SemanticConfiguration-dbg.js",
			"isDebug":true
		},
		{
			"name": "semantic/SemanticConfiguration.js"
		},
		{
			"name": "semantic/SemanticControl-dbg.js",
			"isDebug":true
		},
		{
			"name": "semantic/SemanticControl.control"
		},
		{
			"name": "semantic/SemanticControl.js"
		},
		{
			"name": "semantic/SemanticPage-dbg.js",
			"isDebug":true
		},
		{
			"name": "semantic/SemanticPage.control"
		},
		{
			"name": "semantic/SemanticPage.js"
		},
		{
			"name": "semantic/SemanticPageRenderer-dbg.js",
			"isDebug":true
		},
		{
			"name": "semantic/SemanticPageRenderer.js"
		},
		{
			"name": "semantic/SemanticSelect-dbg.js",
			"isDebug":true
		},
		{
			"name": "semantic/SemanticSelect.control"
		},
		{
			"name": "semantic/SemanticSelect.js"
		},
		{
			"name": "semantic/SemanticToggleButton-dbg.js",
			"isDebug":true
		},
		{
			"name": "semantic/SemanticToggleButton.control"
		},
		{
			"name": "semantic/SemanticToggleButton.js"
		},
		{
			"name": "semantic/SendEmailAction-dbg.js",
			"isDebug":true
		},
		{
			"name": "semantic/SendEmailAction.control"
		},
		{
			"name": "semantic/SendEmailAction.js"
		},
		{
			"name": "semantic/SendMessageAction-dbg.js",
			"isDebug":true
		},
		{
			"name": "semantic/SendMessageAction.control"
		},
		{
			"name": "semantic/SendMessageAction.js"
		},
		{
			"name": "semantic/ShareInJamAction-dbg.js",
			"isDebug":true
		},
		{
			"name": "semantic/ShareInJamAction.control"
		},
		{
			"name": "semantic/ShareInJamAction.js"
		},
		{
			"name": "semantic/ShareMenu-dbg.js",
			"isDebug":true
		},
		{
			"name": "semantic/ShareMenu.js"
		},
		{
			"name": "semantic/ShareMenuPage-dbg.js",
			"isDebug":true
		},
		{
			"name": "semantic/ShareMenuPage.control"
		},
		{
			"name": "semantic/ShareMenuPage.js"
		},
		{
			"name": "semantic/SortAction-dbg.js",
			"isDebug":true
		},
		{
			"name": "semantic/SortAction.control"
		},
		{
			"name": "semantic/SortAction.js"
		},
		{
			"name": "semantic/SortSelect-dbg.js",
			"isDebug":true
		},
		{
			"name": "semantic/SortSelect.control"
		},
		{
			"name": "semantic/SortSelect.js"
		},
		{
			"name": "themes/base/.theming",
			"theme":"base"
		},
		{
			"name": "themes/base/ActionListItem.less",
			"theme":"base"
		},
		{
			"name": "themes/base/ActionSheet.less",
			"theme":"base"
		},
		{
			"name": "themes/base/App.less",
			"theme":"base"
		},
		{
			"name": "themes/base/Bar.less",
			"theme":"base"
		},
		{
			"name": "themes/base/BarBase.less",
			"theme":"base"
		},
		{
			"name": "themes/base/BusyDialog.less",
			"theme":"base"
		},
		{
			"name": "themes/base/BusyIndicator.less",
			"theme":"base"
		},
		{
			"name": "themes/base/Button.less",
			"theme":"base"
		},
		{
			"name": "themes/base/Carousel.less",
			"theme":"base"
		},
		{
			"name": "themes/base/CheckBox.less",
			"theme":"base"
		},
		{
			"name": "themes/base/ColumnListItem.less",
			"theme":"base"
		},
		{
			"name": "themes/base/ComboBox.less",
			"theme":"base"
		},
		{
			"name": "themes/base/ComboBoxBase.less",
			"theme":"base"
		},
		{
			"name": "themes/base/CustomListItem.less",
			"theme":"base"
		},
		{
			"name": "themes/base/CustomTile.less",
			"theme":"base"
		},
		{
			"name": "themes/base/DatePicker.less",
			"theme":"base"
		},
		{
			"name": "themes/base/DateRangeSelection.less",
			"theme":"base"
		},
		{
			"name": "themes/base/DateTimeInput.less",
			"theme":"base"
		},
		{
			"name": "themes/base/Dialog.less",
			"theme":"base"
		},
		{
			"name": "themes/base/DisplayListItem.less",
			"theme":"base"
		},
		{
			"name": "themes/base/DraftIndicator.less",
			"theme":"base"
		},
		{
			"name": "themes/base/FacetFilter.less",
			"theme":"base"
		},
		{
			"name": "themes/base/FacetFilterItem.less",
			"theme":"base"
		},
		{
			"name": "themes/base/FacetFilterList.less",
			"theme":"base"
		},
		{
			"name": "themes/base/FeedInput.less",
			"theme":"base"
		},
		{
			"name": "themes/base/FeedListItem.less",
			"theme":"base"
		},
		{
			"name": "themes/base/FileUpload.less",
			"theme":"base"
		},
		{
			"name": "themes/base/FlexBox.less",
			"theme":"base"
		},
		{
			"name": "themes/base/GroupHeaderListItem.less",
			"theme":"base"
		},
		{
			"name": "themes/base/GrowingList.less",
			"theme":"base"
		},
		{
			"name": "themes/base/IconTabBar.less",
			"theme":"base"
		},
		{
			"name": "themes/base/Image.less",
			"theme":"base"
		},
		{
			"name": "themes/base/Input.less",
			"theme":"base"
		},
		{
			"name": "themes/base/InputBase.less",
			"theme":"base"
		},
		{
			"name": "themes/base/InputListItem.less",
			"theme":"base"
		},
		{
			"name": "themes/base/Label.less",
			"theme":"base"
		},
		{
			"name": "themes/base/Link.less",
			"theme":"base"
		},
		{
			"name": "themes/base/List.less",
			"theme":"base"
		},
		{
			"name": "themes/base/ListBase.less",
			"theme":"base"
		},
		{
			"name": "themes/base/ListItemBase.less",
			"theme":"base"
		},
		{
			"name": "themes/base/MaskInput.less",
			"theme":"base"
		},
		{
			"name": "themes/base/MessageBox.less",
			"theme":"base"
		},
		{
			"name": "themes/base/MessagePage.less",
			"theme":"base"
		},
		{
			"name": "themes/base/MessagePopover.less",
			"theme":"base"
		},
		{
			"name": "themes/base/MessageStrip.less",
			"theme":"base"
		},
		{
			"name": "themes/base/MessageToast.less",
			"theme":"base"
		},
		{
			"name": "themes/base/MultiComboBox.less",
			"theme":"base"
		},
		{
			"name": "themes/base/MultiInput.less",
			"theme":"base"
		},
		{
			"name": "themes/base/NavContainer.less",
			"theme":"base"
		},
		{
			"name": "themes/base/ObjectAttribute.less",
			"theme":"base"
		},
		{
			"name": "themes/base/ObjectHeader.less",
			"theme":"base"
		},
		{
			"name": "themes/base/ObjectIdentifier.less",
			"theme":"base"
		},
		{
			"name": "themes/base/ObjectListItem.less",
			"theme":"base"
		},
		{
			"name": "themes/base/ObjectNumber.less",
			"theme":"base"
		},
		{
			"name": "themes/base/ObjectStatus.less",
			"theme":"base"
		},
		{
			"name": "themes/base/OverflowToolbarAssociativePopover.less",
			"theme":"base"
		},
		{
			"name": "themes/base/P13nColumnsPanel.less",
			"theme":"base"
		},
		{
			"name": "themes/base/P13nConditionPanel.less",
			"theme":"base"
		},
		{
			"name": "themes/base/P13nDialog.less",
			"theme":"base"
		},
		{
			"name": "themes/base/P13nFilterPanel.less",
			"theme":"base"
		},
		{
			"name": "themes/base/P13nGroupPanel.less",
			"theme":"base"
		},
		{
			"name": "themes/base/P13nPanel.less",
			"theme":"base"
		},
		{
			"name": "themes/base/P13nSortPanel.less",
			"theme":"base"
		},
		{
			"name": "themes/base/Page.less",
			"theme":"base"
		},
		{
			"name": "themes/base/PagingButton.less",
			"theme":"base"
		},
		{
			"name": "themes/base/Panel.less",
			"theme":"base"
		},
		{
			"name": "themes/base/Popover.less",
			"theme":"base"
		},
		{
			"name": "themes/base/ProgressIndicator.less",
			"theme":"base"
		},
		{
			"name": "themes/base/PullToRefresh.less",
			"theme":"base"
		},
		{
			"name": "themes/base/QuickView.less",
			"theme":"base"
		},
		{
			"name": "themes/base/RadioButton.less",
			"theme":"base"
		},
		{
			"name": "themes/base/RadioButtonGroup.less",
			"theme":"base"
		},
		{
			"name": "themes/base/RatingIndicator.less",
			"theme":"base"
		},
		{
			"name": "themes/base/ScrollContainer.less",
			"theme":"base"
		},
		{
			"name": "themes/base/SearchField.less",
			"theme":"base"
		},
		{
			"name": "themes/base/SegmentedButton.less",
			"theme":"base"
		},
		{
			"name": "themes/base/Select.less",
			"theme":"base"
		},
		{
			"name": "themes/base/SelectDialog.less",
			"theme":"base"
		},
		{
			"name": "themes/base/SelectList.less",
			"theme":"base"
		},
		{
			"name": "themes/base/SemanticPage.less",
			"theme":"base"
		},
		{
			"name": "themes/base/Shell.less",
			"theme":"base"
		},
		{
			"name": "themes/base/Slider.less",
			"theme":"base"
		},
		{
			"name": "themes/base/SplitApp.less",
			"theme":"base"
		},
		{
			"name": "themes/base/SplitContainer.less",
			"theme":"base"
		},
		{
			"name": "themes/base/StandardListItem.less",
			"theme":"base"
		},
		{
			"name": "themes/base/StandardTile.less",
			"theme":"base"
		},
		{
			"name": "themes/base/Support.less",
			"theme":"base"
		},
		{
			"name": "themes/base/Switch.less",
			"theme":"base"
		},
		{
			"name": "themes/base/Table.less",
			"theme":"base"
		},
		{
			"name": "themes/base/TablePersoDialog.less",
			"theme":"base"
		},
		{
			"name": "themes/base/TableSelectDialog.less",
			"theme":"base"
		},
		{
			"name": "themes/base/Text.less",
			"theme":"base"
		},
		{
			"name": "themes/base/TextArea.less",
			"theme":"base"
		},
		{
			"name": "themes/base/Tile.less",
			"theme":"base"
		},
		{
			"name": "themes/base/TileContainer.less",
			"theme":"base"
		},
		{
			"name": "themes/base/TimePicker.less",
			"theme":"base"
		},
		{
			"name": "themes/base/Title.less",
			"theme":"base"
		},
		{
			"name": "themes/base/ToggleButton.less",
			"theme":"base"
		},
		{
			"name": "themes/base/Token.less",
			"theme":"base"
		},
		{
			"name": "themes/base/Tokenizer.less",
			"theme":"base"
		},
		{
			"name": "themes/base/Toolbar.less",
			"theme":"base"
		},
		{
			"name": "themes/base/ToolbarSeparator.less",
			"theme":"base"
		},
		{
			"name": "themes/base/ToolbarSpacer.less",
			"theme":"base"
		},
		{
			"name": "themes/base/UploadCollection.less",
			"theme":"base"
		},
		{
			"name": "themes/base/ViewSettingsDialog.less",
			"theme":"base"
		},
		{
			"name": "themes/base/Wizard.less",
			"theme":"base"
		},
		{
			"name": "themes/base/WizardProgressNavigator.less",
			"theme":"base"
		},
		{
			"name": "themes/base/WizardStep.less",
			"theme":"base"
		},
		{
			"name": "themes/base/library-RTL-dbg.css",
			"isDebug":true,
			"theme":"base"
		},
		{
			"name": "themes/base/library-RTL.css",
			"theme":"base"
		},
		{
			"name": "themes/base/library-dbg.css",
			"isDebug":true,
			"theme":"base"
		},
		{
			"name": "themes/base/library-parameters.json",
			"theme":"base"
		},
		{
			"name": "themes/base/library.css",
			"theme":"base"
		},
		{
			"name": "themes/base/library.less",
			"theme":"base"
		},
		{
			"name": "themes/base/library.source.less",
			"theme":"base"
		},
		{
			"name": "themes/sap_hcb/.theming",
			"theme":"sap_hcb"
		},
		{
			"name": "themes/sap_hcb/ActionListItem.less",
			"theme":"sap_hcb"
		},
		{
			"name": "themes/sap_hcb/ActionSheet.less",
			"theme":"sap_hcb"
		},
		{
			"name": "themes/sap_hcb/Bar.less",
			"theme":"sap_hcb"
		},
		{
			"name": "themes/sap_hcb/BarBase.less",
			"theme":"sap_hcb"
		},
		{
			"name": "themes/sap_hcb/BrowserScrollbar.less",
			"theme":"sap_hcb"
		},
		{
			"name": "themes/sap_hcb/BusyDialog.less",
			"theme":"sap_hcb"
		},
		{
			"name": "themes/sap_hcb/Button.less",
			"theme":"sap_hcb"
		},
		{
			"name": "themes/sap_hcb/Carousel.less",
			"theme":"sap_hcb"
		},
		{
			"name": "themes/sap_hcb/CheckBox.less",
			"theme":"sap_hcb"
		},
		{
			"name": "themes/sap_hcb/ColumnListItem.less",
			"theme":"sap_hcb"
		},
		{
			"name": "themes/sap_hcb/ComboBox.less",
			"theme":"sap_hcb"
		},
		{
			"name": "themes/sap_hcb/ComboBoxBase.less",
			"theme":"sap_hcb"
		},
		{
			"name": "themes/sap_hcb/CustomListItem.less",
			"theme":"sap_hcb"
		},
		{
			"name": "themes/sap_hcb/DatePicker.less",
			"theme":"sap_hcb"
		},
		{
			"name": "themes/sap_hcb/DateRangeSelection.less",
			"theme":"sap_hcb"
		},
		{
			"name": "themes/sap_hcb/DateTimeInput.less",
			"theme":"sap_hcb"
		},
		{
			"name": "themes/sap_hcb/Dialog.less",
			"theme":"sap_hcb"
		},
		{
			"name": "themes/sap_hcb/DisplayListItem.less",
			"theme":"sap_hcb"
		},
		{
			"name": "themes/sap_hcb/FacetFilter.less",
			"theme":"sap_hcb"
		},
		{
			"name": "themes/sap_hcb/FacetFilterItem.less",
			"theme":"sap_hcb"
		},
		{
			"name": "themes/sap_hcb/FacetFilterList.less",
			"theme":"sap_hcb"
		},
		{
			"name": "themes/sap_hcb/FeedInput.less",
			"theme":"sap_hcb"
		},
		{
			"name": "themes/sap_hcb/FeedListItem.less",
			"theme":"sap_hcb"
		},
		{
			"name": "themes/sap_hcb/FlexBox.less",
			"theme":"sap_hcb"
		},
		{
			"name": "themes/sap_hcb/GroupHeaderListItem.less",
			"theme":"sap_hcb"
		},
		{
			"name": "themes/sap_hcb/GrowingList.less",
			"theme":"sap_hcb"
		},
		{
			"name": "themes/sap_hcb/IconTabBar.less",
			"theme":"sap_hcb"
		},
		{
			"name": "themes/sap_hcb/Input.less",
			"theme":"sap_hcb"
		},
		{
			"name": "themes/sap_hcb/InputBase.less",
			"theme":"sap_hcb"
		},
		{
			"name": "themes/sap_hcb/InputListItem.less",
			"theme":"sap_hcb"
		},
		{
			"name": "themes/sap_hcb/Label.less",
			"theme":"sap_hcb"
		},
		{
			"name": "themes/sap_hcb/Link.less",
			"theme":"sap_hcb"
		},
		{
			"name": "themes/sap_hcb/ListBase.less",
			"theme":"sap_hcb"
		},
		{
			"name": "themes/sap_hcb/ListItemBase.less",
			"theme":"sap_hcb"
		},
		{
			"name": "themes/sap_hcb/List_noFlex.less",
			"theme":"sap_hcb"
		},
		{
			"name": "themes/sap_hcb/MaskInput.less",
			"theme":"sap_hcb"
		},
		{
			"name": "themes/sap_hcb/MessageBox.less",
			"theme":"sap_hcb"
		},
		{
			"name": "themes/sap_hcb/MessagePage.less",
			"theme":"sap_hcb"
		},
		{
			"name": "themes/sap_hcb/MessagePopover.less",
			"theme":"sap_hcb"
		},
		{
			"name": "themes/sap_hcb/MessageStrip.less",
			"theme":"sap_hcb"
		},
		{
			"name": "themes/sap_hcb/MessageToast.less",
			"theme":"sap_hcb"
		},
		{
			"name": "themes/sap_hcb/MultiComboBox.less",
			"theme":"sap_hcb"
		},
		{
			"name": "themes/sap_hcb/MultiInput.less",
			"theme":"sap_hcb"
		},
		{
			"name": "themes/sap_hcb/ObjectAttribute.less",
			"theme":"sap_hcb"
		},
		{
			"name": "themes/sap_hcb/ObjectHeader.less",
			"theme":"sap_hcb"
		},
		{
			"name": "themes/sap_hcb/ObjectIdentifier.less",
			"theme":"sap_hcb"
		},
		{
			"name": "themes/sap_hcb/ObjectListItem.less",
			"theme":"sap_hcb"
		},
		{
			"name": "themes/sap_hcb/ObjectNumber.less",
			"theme":"sap_hcb"
		},
		{
			"name": "themes/sap_hcb/ObjectStatus.less",
			"theme":"sap_hcb"
		},
		{
			"name": "themes/sap_hcb/OverflowToolbarAssociativePopover.less",
			"theme":"sap_hcb"
		},
		{
			"name": "themes/sap_hcb/Page.less",
			"theme":"sap_hcb"
		},
		{
			"name": "themes/sap_hcb/Panel.less",
			"theme":"sap_hcb"
		},
		{
			"name": "themes/sap_hcb/Popover.less",
			"theme":"sap_hcb"
		},
		{
			"name": "themes/sap_hcb/ProgressIndicator.less",
			"theme":"sap_hcb"
		},
		{
			"name": "themes/sap_hcb/PullToRefresh.less",
			"theme":"sap_hcb"
		},
		{
			"name": "themes/sap_hcb/QuickView.less",
			"theme":"sap_hcb"
		},
		{
			"name": "themes/sap_hcb/RadioButton.less",
			"theme":"sap_hcb"
		},
		{
			"name": "themes/sap_hcb/RatingIndicator.less",
			"theme":"sap_hcb"
		},
		{
			"name": "themes/sap_hcb/ResponsivePopover.less",
			"theme":"sap_hcb"
		},
		{
			"name": "themes/sap_hcb/SearchField.less",
			"theme":"sap_hcb"
		},
		{
			"name": "themes/sap_hcb/SegmentedButton.less",
			"theme":"sap_hcb"
		},
		{
			"name": "themes/sap_hcb/Select.less",
			"theme":"sap_hcb"
		},
		{
			"name": "themes/sap_hcb/SelectList.less",
			"theme":"sap_hcb"
		},
		{
			"name": "themes/sap_hcb/Shell.less",
			"theme":"sap_hcb"
		},
		{
			"name": "themes/sap_hcb/Slider.less",
			"theme":"sap_hcb"
		},
		{
			"name": "themes/sap_hcb/SplitContainer.less",
			"theme":"sap_hcb"
		},
		{
			"name": "themes/sap_hcb/StandardListItem.less",
			"theme":"sap_hcb"
		},
		{
			"name": "themes/sap_hcb/StandardTile.less",
			"theme":"sap_hcb"
		},
		{
			"name": "themes/sap_hcb/Switch.less",
			"theme":"sap_hcb"
		},
		{
			"name": "themes/sap_hcb/Table.less",
			"theme":"sap_hcb"
		},
		{
			"name": "themes/sap_hcb/Text.less",
			"theme":"sap_hcb"
		},
		{
			"name": "themes/sap_hcb/TextArea.less",
			"theme":"sap_hcb"
		},
		{
			"name": "themes/sap_hcb/Tile.less",
			"theme":"sap_hcb"
		},
		{
			"name": "themes/sap_hcb/TileContainer.less",
			"theme":"sap_hcb"
		},
		{
			"name": "themes/sap_hcb/TimePicker.less",
			"theme":"sap_hcb"
		},
		{
			"name": "themes/sap_hcb/Title.less",
			"theme":"sap_hcb"
		},
		{
			"name": "themes/sap_hcb/ToggleButton.less",
			"theme":"sap_hcb"
		},
		{
			"name": "themes/sap_hcb/Token.less",
			"theme":"sap_hcb"
		},
		{
			"name": "themes/sap_hcb/Toolbar.less",
			"theme":"sap_hcb"
		},
		{
			"name": "themes/sap_hcb/ToolbarSeparator.less",
			"theme":"sap_hcb"
		},
		{
			"name": "themes/sap_hcb/UploadCollection.less",
			"theme":"sap_hcb"
		},
		{
			"name": "themes/sap_hcb/ViewSettingsDialog.less",
			"theme":"sap_hcb"
		},
		{
			"name": "themes/sap_hcb/Wizard.less",
			"theme":"sap_hcb"
		},
		{
			"name": "themes/sap_hcb/WizardProgressNavigator.less",
			"theme":"sap_hcb"
		},
		{
			"name": "themes/sap_hcb/WizardStep.less",
			"theme":"sap_hcb"
		},
		{
			"name": "themes/sap_hcb/library-RTL-dbg.css",
			"isDebug":true,
			"theme":"sap_hcb"
		},
		{
			"name": "themes/sap_hcb/library-RTL.css",
			"theme":"sap_hcb"
		},
		{
			"name": "themes/sap_hcb/library-dbg.css",
			"isDebug":true,
			"theme":"sap_hcb"
		},
		{
			"name": "themes/sap_hcb/library-parameters.json",
			"theme":"sap_hcb"
		},
		{
			"name": "themes/sap_hcb/library.css",
			"theme":"sap_hcb"
		},
		{
			"name": "themes/sap_hcb/library.less",
			"theme":"sap_hcb"
		},
		{
			"name": "themes/sap_hcb/library.source.less",
			"theme":"sap_hcb"
		},
		{
			"name": "themes/sap_hcb/shared.less",
			"theme":"sap_hcb"
		}
	]
}
